feature_profile,target_variant,svr_params,C,gamma,epsilon,n_features,n_train_rows,fit_seconds,correction,factor,val_rmse,leaderboard_safe,submission_file,factor_used_final_refit,prediction_mean,prediction_median,prediction_min,prediction_max
top5_te,winsorized,"{""C"": 0.5, ""epsilon"": 0.1, ""gamma"": ""scale""}",0.5,scale,0.1,184,1758,0.7333409786224365,validation_multiplier,1.085,36970.35409554628,False,svr_rbf_focused_outputs\submission_svr_rbf_01_top5_te_winsorized_validation_multiplier.csv,1.085,46016.527334652215,42839.89890966603,7101.471719607945,176104.59472593557
top5_te,winsorized,"{""C"": 0.5, ""epsilon"": 0.1, ""gamma"": ""scale""}",0.5,scale,0.1,184,1758,0.7333409786224365,fixed_1.08,1.08,36971.084166480556,True,svr_rbf_focused_outputs\submission_svr_rbf_02_top5_te_winsorized_fixed_1.08.csv,1.08,45804.469604999445,42642.480020681396,7068.74604348072,175293.05281475617
top5_te,raw,"{""C"": 0.5, ""epsilon"": 0.1, ""gamma"": ""scale""}",0.5,scale,0.1,184,1758,0.6061856746673584,validation_multiplier,1.085,36971.82811915299,False,svr_rbf_focused_outputs\submission_svr_rbf_03_top5_te_raw_validation_multiplier.csv,1.085,46042.080284418065,42753.575280179364,7087.922821143692,176324.63178019054
top5_te,raw,"{""C"": 0.5, ""epsilon"": 0.1, ""gamma"": ""scale""}",0.5,scale,0.1,184,1758,0.6061856746673584,fixed_1.08,1.08,36972.462182379386,True,svr_rbf_focused_outputs\submission_svr_rbf_04_top5_te_raw_fixed_1.08.csv,1.08,45829.904799236414,42556.55419593891,7055.259582336579,175512.0758733694
top5_te,floor500,"{""C"": 0.5, ""epsilon"": 0.1, ""gamma"": ""scale""}",0.5,scale,0.1,184,1758,1.0852363109588623,validation_multiplier,1.085,36973.314338795564,False,svr_rbf_focused_outputs\submission_svr_rbf_05_top5_te_floor500_validation_multiplier.csv,1.085,46041.97487566839,42775.11644737088,7083.252545203572,176327.83953746659
top5_te,floor500,"{""C"": 0.5, ""epsilon"": 0.1, ""gamma"": ""scale""}",0.5,scale,0.1,184,1758,1.0852363109588623,fixed_1.08,1.08,36973.93258210169,True,svr_rbf_focused_outputs\submission_svr_rbf_06_top5_te_floor500_fixed_1.08.csv,1.08,45829.799876241355,42577.99609507885,7050.610828405399,175515.26884835385
top5_te,winsorized,"{""C"": 0.5, ""epsilon"": 0.1, ""gamma"": ""scale""}",0.5,scale,0.1,184,1758,0.7333409786224365,fixed_1.10,1.1,36977.651457408494,True,svr_rbf_focused_outputs\submission_svr_rbf_07_top5_te_winsorized_fixed_1.10.csv,1.1,46652.70052361054,43432.155576619945,7199.648747989622,178539.22045947387
top5_te,raw,"{""C"": 0.5, ""epsilon"": 0.1, ""gamma"": ""scale""}",0.5,scale,0.1,184,1758,0.6061856746673584,fixed_1.10,1.1,36979.41802717099,True,svr_rbf_focused_outputs\submission_svr_rbf_08_top5_te_raw_fixed_1.10.csv,1.1,46678.60673996302,43344.638532900746,7185.912537565035,178762.29950065404
